Pregnancies,Glucose,BloodPressure,SkinThickness,Insulin,BMI,DiabetesPedigreeFunction,Age,Outcome
6,196,37,21,795,63.16506710568082,0.7305820538154152,35,1
14,188,112,42,276,66.77017025418293,0.5902183523578319,55,1
10,96,107,36,437,20.396162520885614,0.5062060804527697,26,1
7,147,25,60,106,55.41328745892466,2.011815048555082,32,1
6,147,93,96,657,36.37730684707458,0.7471271234618051,67,1
10,82,40,55,419,37.39120530662157,2.24932389712654,58,1
10,177,112,2,610,55.0835571966694,2.3495679223584367,33,0
3,110,51,62,428,63.111052531910474,1.4158920205926822,49,0
7,178,89,18,374,64.70040827117461,0.41290862928313127,39,1
2,85,58,22,72,46.42129445727388,0.9551919859949793,23,0
1,58,28,28,633,35.66322468979458,1.9462889607615173,28,0
11,154,88,29,29,56.7111502984943,0.938429086608539,28,1
5,76,63,38,187,30.473967641526478,0.28179432526513126,75,0
1,198,99,24,363,45.78322000995901,1.3819902613938162,78,1
0,81,79,7,799,35.7344867685663,2.0572730342037135,40,1
11,140,59,57,450,50.309259504315136,1.9420595986900828,67,1
11,198,68,15,194,29.955506840492482,0.4881383941852873,24,0
16,76,46,71,155,27.568895046432978,1.6536147269539971,71,0
9,129,70,0,171,63.10189133842887,0.5944209849662855,41,1
15,109,54,4,40,23.178200096232352,0.5890420459211874,23,0
14,53,34,2,62,42.941341688238154,2.1250760930807435,65,1
14,48,33,64,22,28.999701086891136,0.662724687317619,28,1
11,166,90,3,359,20.103675206625137,0.6945252855451822,43,0
2,117,37,98,74,19.96132021445075,0.07953024116296356,36,1
4,140,103,95,559,26.768344655974957,2.1171068779219624,33,0
6,161,97,63,671,60.5850703353434,1.9342570525357936,23,1
8,81,116,97,824,32.0132105804766,1.547204365982368,68,0
6,184,33,88,117,64.67745344113195,1.8351224191447686,29,1
3,90,99,9,611,46.64133012717156,0.43409774490815983,80,1
13,152,117,20,379,39.55043387969266,1.1513938585241017,34,1
8,58,24,45,678,46.56634401533633,0.9005558051708448,33,1
1,179,28,90,289,43.466551037564486,0.2976246244939326,73,1
14,48,43,26,439,55.30415880873319,1.2165175963733523,77,0
6,90,31,65,667,32.01405762607247,2.234372261102452,27,0
11,111,66,40,6,35.464164149254785,0.17181845681672647,35,0
7,119,99,12,195,61.92121139387595,0.7606014594024653,27,0
14,173,24,8,420,64.48172349305482,0.5640608725937575,58,0
2,198,80,35,567,61.84609732408859,0.6357394628850608,54,0
13,138,87,85,832,38.71100690451263,2.205553720501497,61,1
16,158,107,89,192,56.35987309703651,1.1742177250167076,42,1
3,79,51,57,558,41.49281735842372,1.1700732251050558,44,0
7,69,60,53,147,42.52969876994439,1.8592681546302714,69,0
3,86,70,11,786,28.208857332901182,0.4398207417795363,57,0
1,70,99,80,668,47.10627182934145,1.219175459302319,64,0
5,112,60,77,201,27.30204540013871,1.085025371471522,21,0
9,191,72,13,443,34.41351378438577,1.4759648372602687,30,1
3,54,67,33,418,60.01097685921482,2.418964141012527,63,1
11,117,79,52,426,28.326007070410817,1.8800493099401545,36,0
1,147,51,19,478,21.679640144980862,1.0098014764668146,66,0
9,81,102,74,474,21.574471278766715,2.016129248425818,28,1
3,177,29,15,125,64.20436305260196,0.4777989868778286,76,1
13,66,84,94,394,42.98840941633371,0.14934595333558462,69,1
15,90,43,69,816,38.2202503118522,0.5568180883113275,45,0
14,133,101,55,805,57.851962611287206,0.8752438644195961,70,1
7,89,25,82,575,59.07188787482423,1.2737801339702894,32,1
13,150,96,57,324,34.44414151935306,1.5186324471474901,45,1
7,183,60,3,391,52.11792301046859,2.2106385897161758,37,1
15,184,43,3,687,55.90790569515724,1.272078090367172,80,1
12,147,49,19,627,50.21241858774516,1.2519875597134582,46,0
14,154,52,9,439,25.612999157724857,0.19566912900542416,66,1
12,147,24,23,203,61.030682783984076,0.15976285632087617,68,1
8,103,58,98,485,44.561723628790816,1.3688166308081435,34,1
14,143,93,25,832,32.01290164949317,1.104214312227623,61,1
12,111,82,36,30,38.99365826790323,2.0433604850438596,56,0
0,176,92,84,387,20.03722632050657,0.45431158739514144,77,0
6,163,56,53,624,24.452686579776216,0.13648363267813016,43,1
8,80,74,20,433,55.63523610022558,1.129648794492355,63,1
0,115,101,73,836,18.200568939537405,0.634174779913787,26,0
11,170,35,37,375,38.57006901278408,0.1941968623595573,67,1
7,149,43,45,343,43.750747855085265,1.7750091877971472,25,1
10,135,76,3,442,20.871623138047543,0.3393508058998736,63,0
16,74,111,59,578,65.78352216934707,1.5026842690182014,45,0
7,165,66,56,74,29.257528698108956,0.7362185148908544,38,0
2,180,121,44,556,33.07531739021413,0.4843277499314616,33,1
2,94,112,19,771,33.06278884927083,0.9673780666770415,63,0
0,72,73,16,665,29.46737477753841,1.9549860079141577,34,0
4,83,52,70,154,18.27206990002063,0.9962831571105092,48,0
9,84,80,3,429,53.86496043090301,1.8363025184522925,38,0
6,54,62,92,362,65.47874494018504,0.37188890710361094,79,0
8,194,118,13,447,29.1679513326387,1.8878306648556153,80,0
6,44,79,2,233,50.62300767918735,0.6328978469313711,77,0
8,89,66,87,562,54.478730388281164,1.6644547101997402,48,0
7,144,73,79,817,59.68800103752665,1.4030604014376136,71,1
11,192,46,57,261,38.86656773396548,2.2540569277097715,76,1
1,133,67,54,826,33.013321285816986,0.9851093370981855,47,1
0,153,61,3,124,34.10693205372622,0.23295887225025952,52,1
15,100,107,23,244,53.047183188517266,0.1228621471610343,67,0
4,44,46,33,541,58.14051591212559,2.0145027497981878,29,0
2,106,68,29,484,27.080923023297867,1.3069308634030743,60,0
11,98,75,81,121,36.33901529891472,1.8936215693974514,52,0
7,158,103,18,124,62.30487562103343,0.6270247552269674,40,0
2,186,73,30,548,57.64731311307274,0.8861861319919934,48,1
0,192,31,59,169,66.35957589508506,0.14850326871890895,53,1
2,96,108,59,123,55.08273989845374,2.3298150241525706,24,0
4,180,24,18,34,37.42724533026539,1.6421466374933051,66,1
14,100,31,48,86,47.08219008233778,2.263566315532295,77,1
13,160,52,62,645,50.52359703269396,0.6997925861988874,54,1
2,197,119,82,707,22.03648941790736,1.510047777490498,68,0
0,78,28,21,785,44.825901300179,1.6670469257413578,23,0
4,106,109,23,200,52.8857885123106,0.8217013980032721,46,0
13,68,70,75,368,26.38201176565185,2.0642718284066057,28,0
6,133,57,29,796,56.37289098210974,2.2962521461123804,26,0
8,118,88,57,76,46.74648896714005,2.1503306856440423,36,0
14,81,78,30,58,64.76364532061237,1.8088948576500106,44,0
14,173,113,63,430,20.274450382317003,0.7278222799158424,68,0
9,178,66,18,637,31.17444812646233,0.7375447706113895,59,1
12,134,97,47,499,47.61598469776139,2.3341898704846207,50,1
6,60,53,44,108,32.701779706870006,0.10208628948139073,65,0
16,171,105,93,735,53.13534162308373,1.7549890373331025,33,1
3,151,40,54,277,55.31535831532241,1.7320285127044242,25,1
4,195,49,54,67,23.213030642850597,1.5363389049044258,45,1
6,68,31,96,68,43.327483299710934,2.3968349175354398,40,0
12,131,70,17,164,43.084748168402626,0.8084216385586445,74,0
14,72,99,62,488,36.25782966353995,0.8742141050037872,38,0
10,106,114,91,304,63.82002577965696,0.2628760817008331,67,1
3,193,95,46,673,58.665059041800504,1.1150332357854331,38,1
12,197,112,74,364,52.293538775381236,0.6893756484420142,22,1
6,199,69,56,820,53.13057248744137,0.8822116565000427,30,1
1,157,91,44,378,40.777919432461516,2.03256713277868,75,1
9,92,56,32,342,63.236632081622545,2.268904730681395,65,0
12,124,24,16,553,52.16571639268565,0.5129868546361448,70,0
5,127,42,69,353,53.84717391496942,0.9504159176982171,67,1
11,148,54,3,415,60.33668519520117,2.2528527764742527,32,1
11,191,103,19,108,31.602100718833135,0.2227554149341594,67,1
10,161,37,46,562,57.66576719908177,0.2943083568368485,33,1
6,129,76,90,761,27.74726548457246,0.45925649672098917,70,0
0,106,71,14,496,35.08722146477501,1.4719884575251407,67,0
0,147,92,69,340,34.6113512137953,0.4304060586960461,77,0
12,92,113,46,382,66.04989540422896,2.345234885357618,75,0
8,114,85,77,532,60.084670241273614,1.1242054228394547,31,0
2,44,115,74,299,52.48720623176369,1.2525550631400897,39,0
6,184,89,8,138,53.75307564299257,0.655674478216262,55,1
5,166,87,89,358,45.68535964628572,1.1809889112021459,59,0
7,105,93,15,835,64.51273362160657,1.6282017276358811,73,0
8,75,86,68,498,42.46705301594747,1.8372568547463684,46,0
4,72,96,60,384,36.80731601263784,1.8435590497066163,66,1
0,92,56,9,603,26.172427975954797,1.431420985929555,34,1
9,73,64,49,279,56.64545639556573,2.1960105930356137,74,1
11,187,112,2,636,54.11430827849641,1.9923691783909083,65,1
14,62,71,76,482,36.99496138383019,1.8510066846241808,64,0
8,61,36,93,110,19.431957942606314,0.20822813177563876,44,1
16,44,96,69,138,59.22696932541072,0.09410818751841869,61,1
16,121,100,80,434,18.7583393909042,0.5755515231917977,21,0
11,158,54,50,508,52.61091922386059,1.6319722569453055,71,1
6,156,98,18,272,65.64557266560418,1.0410245189629224,63,1
1,157,91,41,98,39.601638946447146,1.0204354592789882,75,1
2,106,121,34,763,29.690199504302086,2.149702492233755,42,1
16,175,27,45,103,52.668192391121366,2.175408190324766,43,1
4,172,42,25,213,58.15756614456211,2.207288468413498,76,1
16,51,93,68,760,44.92044245620673,0.8131024551981939,74,0
16,98,121,92,663,65.48802496002554,1.696452713435351,39,0
16,146,105,63,761,20.726600489074297,0.7141649105445737,38,0
1,174,36,36,786,42.88450475709142,0.5244082290603614,32,1
1,75,46,83,164,53.33239802407269,0.5104092151075387,75,0
4,53,106,48,519,60.38311903919484,0.8792160480625372,48,0
0,153,98,20,283,26.96559942229093,1.0849607455243426,48,0
0,167,24,73,516,57.32017025824402,2.02408295861097,80,1
1,130,111,63,656,45.22737600263686,0.35878494091309177,79,1
11,98,77,4,612,37.591475049309196,1.7991963345988424,53,0
5,75,94,69,163,24.640864897517673,1.3226674090313533,39,0
3,178,112,89,658,60.512962610645815,0.7523679925471743,48,1
10,136,108,3,63,25.89065987998808,1.2321834669758753,79,0
16,51,38,38,90,33.34862631532495,0.780464327417787,72,0
5,108,88,34,116,32.38322651296316,1.4740239391681127,69,0
4,100,99,0,266,60.81214627193276,1.094062467326982,57,0
1,110,94,23,821,51.09517641681511,0.46303774910273404,46,0
5,115,38,56,684,57.15772032265809,0.35103756060944175,55,0
10,97,44,69,558,30.447880250953197,1.358361287412929,54,0
15,110,42,40,139,48.75634347078224,2.1914513239560542,55,0
15,94,83,53,245,46.1583785757293,0.8835489019180995,60,0
0,140,116,45,660,58.92540542494645,1.7946862511153836,36,1
8,135,112,59,757,62.50765725753364,1.6205848932689344,58,1
5,51,56,59,394,18.794466125244213,2.2597016093128044,33,0
15,78,72,56,486,51.15957404197495,2.000737542514588,43,0
2,139,119,30,475,20.734770576954748,1.4049895163565944,80,0
3,131,58,83,516,45.0391887222827,1.6167654268642795,74,1
2,121,67,23,183,32.265240450235865,2.1820211047398095,42,0
6,75,113,88,19,33.201375716632704,1.0136729935026014,36,0
8,163,34,35,557,35.45967081882023,0.8433532011189145,48,1
0,89,95,84,523,48.581200758525924,0.10331955787362983,68,0
7,187,101,29,581,34.53504332120281,2.0137826157564094,55,1
6,185,97,23,528,54.02898357386471,1.9538968003446806,80,1
7,98,89,29,146,37.98138915456222,0.32263248139055456,65,0
0,50,69,85,665,21.542471495156974,1.428999986612784,66,0
10,117,32,91,303,56.52585629747284,1.1646451371068505,28,0
9,50,26,6,619,32.17358207258332,0.35601670168233907,64,0
2,194,108,34,747,39.36230041240394,2.3744907877762147,75,1
6,128,49,54,819,51.71820588955097,0.5808177684391784,75,1
15,190,95,91,581,34.45710608457202,0.23546244977209418,42,1
15,155,71,13,694,20.967038585574393,1.4711325627934724,41,0
16,168,89,9,761,36.484739198926576,1.8084257578455627,46,1
1,190,93,79,227,64.38353569375143,0.15398255064251187,60,1
0,79,51,15,101,49.58081202789949,1.620716709898686,41,1
15,72,116,53,586,51.03533036982641,1.3246275734783064,45,0
11,125,49,94,416,49.11859731288058,0.3198466507853634,61,1
4,45,48,88,215,27.930715595116457,0.48205091980838,21,0
4,172,35,76,406,38.65652595460149,1.4081958043142606,26,1
8,90,28,69,398,54.92095613996625,0.7720695308481214,43,0
8,191,121,43,714,23.15713469034948,2.2755354365013822,71,0
2,54,71,72,703,31.787000750786927,1.995489617451647,43,0
15,173,60,44,760,31.712004403980238,2.381514397654999,63,0
15,162,102,55,498,39.325725559371335,0.6861491048218695,63,0
2,183,67,83,753,66.14003143207285,2.349092748012862,43,0
0,63,38,81,464,21.500874532838893,1.0879497230518287,52,0
10,48,66,56,690,43.564478625211095,0.8918890186248133,50,0
16,80,71,20,730,26.97093295039709,0.1959185921622253,33,0
7,180,110,67,81,65.66608307053647,0.20157623390718934,63,1
3,96,93,49,603,23.740541381172996,1.6986903614270654,38,0
5,142,69,32,686,37.93608901548181,1.1504697049644934,43,1
7,129,66,90,750,54.282575758412236,0.6085136481765595,35,1
2,151,44,6,771,52.652711530542064,1.515918457413695,53,1
15,67,46,69,364,38.87143034411328,0.6701937129417603,41,0
2,124,103,14,162,35.14503181288792,1.430813568674638,77,0
13,163,70,81,47,37.64324531123537,0.9192668854334608,59,1
1,102,38,31,510,31.12310926845746,2.00675931472488,43,0
2,171,48,74,328,28.240780702762507,2.000070408515797,47,0
15,157,59,19,839,41.82064121062972,1.195954632402664,65,1
8,158,98,87,115,31.331300671705996,0.8996183540626065,64,1
3,57,74,14,336,32.25687541347553,0.9271150435413994,38,0
0,52,38,47,736,50.31537150390584,1.9649834191149664,44,0
3,83,91,70,839,65.56147552012472,0.8465963487120073,71,0
0,68,44,20,146,47.71785910735343,0.5676170532214334,67,0
13,146,36,41,574,21.964295939476848,0.27634009667196857,60,0
15,65,109,25,805,21.896038717463874,1.1709952891112845,71,1
7,47,42,13,322,64.72459549934817,1.2071533756702697,62,0
6,197,57,56,442,32.73751964602861,2.0474081997636087,27,1
2,72,101,36,836,22.702075619433046,0.5961410270766818,70,0
16,152,91,57,12,47.49328031165365,0.9702815629313926,68,1
0,141,75,20,493,48.69642525839401,1.9712862404890243,40,1
15,80,50,81,700,49.91188570380385,2.006926496374096,47,1
11,118,52,68,286,31.275959162233768,0.9787591399422751,26,0
13,113,51,2,719,18.938912458087827,1.1532684625374068,47,0
5,189,58,86,113,65.38925156632367,0.7882955563690206,29,1
5,171,31,89,479,30.46866993429491,2.262043525258029,73,1
12,128,39,36,21,51.25768548576957,0.3558636993667811,65,0
7,85,59,87,348,52.75420063706889,2.2648411486694426,77,0
1,143,53,48,725,48.02936269518685,1.679615230198374,51,1
0,84,41,18,682,33.501171577047394,1.3229419815923245,41,0
14,77,25,88,834,31.456606809062812,0.15448752035728935,46,1
0,60,72,84,565,47.425979024162174,1.1918462812471435,60,0
4,196,100,11,809,60.5520764836117,1.032946061916399,68,1
15,165,27,60,319,64.49527934435403,0.45557445764573706,65,1
3,119,113,40,125,23.378793835343746,1.6153112913985386,33,0
2,130,112,32,276,25.771119156028497,2.3524354250565254,69,0
16,160,117,49,203,64.39760305449259,1.394646195513118,43,0
16,149,98,67,193,54.21657266557135,1.7519521734317212,40,1
11,129,30,70,680,61.37839803417589,0.23831095990961132,57,1
13,70,118,85,663,28.108735809218278,1.0561761042034017,74,0
5,100,97,32,546,46.93294909724975,0.35051157225524937,73,1
2,74,62,80,695,52.48572616701445,1.5131678468265075,48,0
8,177,36,23,285,51.457471198356956,2.27592521453755,37,1
4,141,54,60,56,38.158617683381536,1.6278834494485774,48,0
16,55,94,60,733,18.952810203704985,0.25787273915237524,61,0
13,96,86,97,302,46.705084177728466,0.908628252075064,22,0
2,181,79,27,162,30.576665265882866,1.3676536346504744,45,1
0,188,65,57,18,40.21743263638733,1.0223125648640767,78,0
0,197,84,42,369,65.02571163759866,2.0303942725328534,70,1
2,165,65,40,263,37.712827032715055,1.9859594930307949,61,1
9,89,79,38,793,59.26629856589045,1.5109082490817447,26,0
2,107,59,85,112,27.419635621138376,0.9526385075007957,31,0
7,173,107,48,487,51.083318353423905,0.6759977873535178,77,0
13,97,91,16,326,65.97564007206432,0.32595765325514886,58,0
14,150,30,97,541,23.182572632686608,0.9091703747255095,26,1
1,94,77,69,646,18.60684517490969,1.0456500353004792,65,0
9,79,24,69,578,39.40219855973484,1.6607772905937406,31,0
1,158,67,97,64,22.729386121211853,1.6194103085049172,34,0
16,69,68,64,291,54.79599469916771,0.2421932630398238,22,0
7,72,70,73,24,62.92142966219453,1.0036973167397716,60,0
0,192,36,84,548,39.4236255654583,0.5037261070230616,23,0
8,54,45,4,0,30.85099930140106,0.44525535585195897,75,0
10,83,44,1,548,39.44232229942321,2.01554163468463,73,0
15,54,109,21,140,53.57659829286504,0.17616543754947514,55,0
6,156,115,56,743,18.64274850128014,1.0597262953627682,53,0
9,82,32,65,647,47.024300085801684,0.4719329618051856,44,0
2,97,49,73,187,48.18996339099283,2.137391365118986,39,0
12,141,32,97,127,49.38295527321124,1.3825888820901324,38,1
6,98,38,15,200,30.034879711064892,0.6198934503945781,69,0
3,154,33,50,126,53.117178173190396,1.2546847065436537,72,1
12,195,111,38,256,22.669043681623865,1.7911410544246973,44,0
0,193,65,85,675,27.944319453226555,2.3219123768893137,65,0
7,112,95,75,546,61.108285281404164,0.5942845419427711,55,1
13,99,47,87,193,54.32356207052909,2.153437710326926,21,0
15,76,103,39,702,18.87215759115478,2.266140235380262,56,0
13,79,72,37,103,30.34559913208323,2.224256915294099,45,0
11,191,49,59,534,28.684477018365744,1.566140423770593,65,1
14,124,114,58,264,31.442429441007956,1.5530399726860855,69,0
1,152,60,9,801,30.305672766686442,1.022319302916513,80,1
1,197,91,98,383,21.257535861825154,1.8401158403554714,63,0
16,116,73,63,259,40.642191261584514,1.3222905909778826,54,0
9,83,47,62,413,54.03066691704346,1.6645599628166659,45,1
5,60,42,48,357,47.86918133868264,1.081448410813879,36,0
14,172,83,63,74,51.103424594446096,1.7911647187890318,54,1
10,104,62,31,354,22.16819483042209,2.008912294229854,49,0
4,147,97,6,583,64.72789572764489,0.42095371296379536,39,1
0,85,112,20,770,59.2022506749239,2.028721393874842,43,0
7,68,41,19,187,57.56891657443789,1.3433744774528997,39,0
11,82,42,25,684,58.44390806654242,2.056207559089305,45,1
11,78,59,67,289,63.80954384769203,1.0881085962506563,36,0
4,174,97,85,44,44.81401894295981,0.965712816767068,74,1
6,151,120,14,572,27.993790673726906,2.2210722355553347,71,0
3,145,78,84,82,48.360718423989255,0.6662384245983558,29,1
5,141,92,78,122,54.52690504036221,2.0551452658201472,21,1
12,55,70,85,357,54.284160535011836,1.2115761808170245,62,0
14,62,72,91,527,43.69885728176043,1.2820115264550505,39,0
2,144,121,13,65,21.547631375411967,0.8004327152483716,53,0
7,87,56,26,656,36.34742268923325,1.4200648338497348,54,0
15,92,44,39,374,63.22548715385817,0.8396446216788869,36,0
12,60,104,57,161,46.779551687138124,0.1699689681539497,64,0
9,117,45,27,745,44.524432025204376,0.7150207337164819,60,0
16,100,71,25,379,31.346936853289257,0.09293971965823537,75,1
4,98,60,62,655,36.2171521839207,2.369306911287158,38,1
8,90,38,65,357,61.98242375958996,2.3397799653978484,54,1
11,55,58,24,187,50.79004302406226,1.0034537066801386,45,0
0,105,115,2,321,56.70322560818907,1.7838445408634511,65,0
0,123,94,71,449,40.41749118800833,0.8878778824772153,26,0
14,126,55,43,473,49.01908903140611,1.649700173895356,41,1
1,51,34,96,12,30.345958467542843,1.9643171608136831,78,0
15,192,33,41,183,52.697034600862466,2.2953031250692275,26,1
7,124,96,98,110,39.10970521809319,1.015297150039932,52,1
12,161,101,5,507,39.84047567444105,1.9124838760830638,61,0
0,68,100,38,289,49.95186167180951,0.7008044313804221,68,0
15,132,80,51,294,63.9841223898305,2.397358255484724,63,1
6,55,48,22,450,21.329910349161562,0.13835240030611037,59,1
4,186,25,88,214,58.52994430626866,1.4914644648256254,51,1
2,102,87,49,631,32.49753409915624,1.6225630090274084,62,0
11,197,58,42,566,39.90766132536187,1.68940269466761,30,1
15,152,30,18,26,19.271561777097936,0.3599477095240465,50,0
4,69,108,68,629,32.921153206097905,2.2760367528940715,77,0
13,90,41,50,732,42.778667764613374,0.5023312395352939,72,0
4,75,90,10,230,20.947010182289766,1.536488470387708,38,0
14,53,65,11,564,42.214581166836766,0.5995073773062649,80,0
16,59,62,73,806,63.53570975117708,0.7975008486638164,44,1
13,188,64,7,320,23.353728365471675,1.3578059047272673,72,0
4,194,98,23,232,55.58115160289215,1.0550669862782383,29,1
11,69,47,91,669,38.23291451008603,0.4532483574869777,51,0
15,129,83,40,436,50.23799464024012,0.4783330544696267,35,1
15,178,69,35,780,30.925569641477715,1.057295093877277,24,1
6,57,42,84,532,25.99917163827242,1.8515567351212228,60,0
3,122,91,71,402,26.046621837862972,2.181033202917521,29,0
0,160,113,54,52,21.647056141949772,0.2750269850114746,65,0
4,50,65,8,786,27.27812386967078,0.9986493515041173,29,0
9,180,55,46,312,50.68032792596054,0.3127751102389771,46,1
4,158,62,14,280,61.31467091914753,0.11685958964154425,24,1
3,115,59,47,725,58.01074602540781,1.6277451547521464,37,0
1,102,120,81,30,51.70306775286227,1.4889365930857488,36,0
9,125,59,41,336,23.600118120802918,0.45979076455446355,35,1
0,159,26,59,182,32.34126612387195,0.6255896551039561,55,0
4,189,96,83,22,33.34955620326873,0.13352355903546204,77,0
12,146,31,69,543,30.422894678843676,2.0334463557362934,72,0
3,60,120,11,445,43.38377675980546,2.3607253759457074,25,0
15,57,93,1,73,44.388581547615985,0.39524623517316587,75,0
15,195,64,6,9,35.65172418586728,0.6201149506383281,25,1
1,151,91,79,483,35.500289862211716,2.1118151050837195,40,1
16,88,36,2,455,58.71636873760737,2.2477782148133847,35,0
11,141,72,2,565,56.796420282832614,1.0607673305335499,38,1
2,174,83,26,563,33.25121616918846,0.1965578300541716,67,1
0,80,25,39,659,62.88425490540237,0.17025567450858303,22,0
0,151,83,32,159,64.79265433142254,1.4221905863336226,49,0
10,82,28,91,13,34.177710305268995,0.9981603450278252,33,0
4,58,67,0,177,35.53137999598038,0.14510398538686686,24,0
11,163,50,7,411,42.92551010233378,1.443977102796008,62,0
2,47,55,31,52,64.22080773289663,0.10447054069149063,65,0
0,136,44,47,407,61.05202028065902,1.9220251259855974,30,1
0,196,31,3,21,23.215573370337538,0.7956656707712962,51,0
7,184,95,93,29,37.404533345972254,0.17228424304762158,61,1
9,59,73,69,702,45.25985117876384,1.4559209015425452,28,0
10,151,90,18,259,42.803177907770305,1.009376898602214,23,0
11,169,67,31,204,27.67990402211405,2.358640568082444,68,0
12,98,81,8,58,60.196140110122755,1.3525132675836706,66,0
11,77,26,11,470,51.30240428854535,0.7226101619886733,29,0
13,56,109,10,775,59.173719530253194,1.739505820972769,50,0
1,184,93,45,465,60.19357326018918,0.71383426995503,73,0
2,61,25,15,11,54.794601244254665,2.1957377884765172,31,0
16,139,110,0,630,39.677398401111176,0.9555988549282756,55,1
7,166,67,62,289,48.055736320254255,1.3657921740218728,57,0
9,82,25,20,759,26.04186835925544,0.196442209156344,62,0
1,89,104,29,353,51.141260914522974,1.0759759392841246,33,0
8,72,58,12,638,26.965484205650824,2.0273954098860503,56,0
6,105,121,33,74,52.134134975946665,1.964829502160947,76,0
3,59,110,3,715,29.427350060869067,0.6033540648349585,33,0
12,164,53,27,560,23.948258577345754,0.6074771843067378,32,0
10,53,31,94,590,26.282411567990614,1.9921290412034007,57,0
3,196,45,58,440,18.297415412212537,2.2569931000365604,30,0
3,146,67,26,240,53.34636731303762,0.3013352776213743,80,0
9,127,81,68,153,54.01441129895473,1.1320373335362197,76,1
4,176,59,24,785,43.38024081075838,0.8683179213342243,29,0
8,108,92,2,95,26.09064097160826,2.1171523626813227,72,0
2,46,100,96,725,22.285807104272727,0.27361535018060396,27,1
16,185,116,67,293,19.135406458783333,0.5724569574709236,22,0
2,163,54,24,208,26.30508585359929,1.84028084662757,74,0
15,111,70,19,342,61.76283566067586,0.1981301943140069,76,0
3,189,78,33,87,30.011151559212237,1.2315178616328655,80,1
16,80,103,25,817,35.52386790092184,1.1134146752199043,43,0
6,196,85,4,775,23.351394191137192,0.8611675611916494,59,1
4,116,53,98,389,29.073467802185526,1.0020883624769195,60,0
11,186,78,60,324,43.59008151115202,1.3191208545906057,59,1
16,92,39,91,831,47.9191062033774,0.4559223533455933,41,0
12,164,35,92,156,30.197728162727717,1.4176143469401743,43,1
2,131,40,8,667,21.02310258610823,1.964322515220568,49,1
8,183,39,49,650,37.32150730032979,1.8582968975685525,34,1
16,80,35,5,632,29.652544838297736,0.43843357679281797,46,0
16,104,31,82,576,28.936186845937314,0.4275422581345319,71,0
15,167,107,59,618,65.13729105268796,0.706064369258587,25,1
12,82,26,43,658,48.3370937617679,0.9236370090907091,75,0
16,106,39,10,136,45.431355871115485,1.0346029716586662,51,0
3,89,53,65,673,38.53140256229044,1.6698508818236948,45,0
11,131,46,46,427,39.17537790473405,0.21074557213238654,51,1
8,54,115,72,451,44.65025468768215,0.1592034732974475,70,0
11,105,28,84,611,52.25541756406564,0.9958545384146349,40,1
8,120,107,87,818,52.53494410329145,1.7107573669871503,64,0
6,196,88,97,140,26.59583208679648,0.5310255732040822,75,1
13,95,53,85,82,42.65551357654705,1.5804034951021415,37,1
14,47,44,2,176,38.34475084716758,0.6865174990561813,65,0
15,102,107,75,197,60.76876865057288,2.153213666841255,22,0
4,115,93,91,623,49.0763852475786,2.1757058494724157,45,0
2,191,45,29,567,44.23944884774151,0.7742466324268666,33,1
11,136,105,89,690,23.84279800254906,0.6166453717819093,78,1
3,106,95,20,420,47.81569278791481,1.0412739025791136,59,0
15,97,55,27,400,23.931270987763412,0.6413249724919082,48,0
6,160,56,89,697,34.68940154516527,1.65272296098917,62,1
12,153,39,61,470,25.184972079420827,2.0126434912120845,75,0
9,117,99,32,217,52.04240133949163,1.6543817705940704,26,0
6,150,61,84,827,28.28572836658786,2.0086287474579767,23,0
13,100,121,34,728,37.361923348894464,1.0077556438899045,78,0
4,46,37,51,631,61.998496625558275,0.44409434540015214,55,0
2,163,59,33,174,28.191071148209645,1.8062811188051608,38,0
10,49,120,40,22,43.0316676275843,0.9222312910415191,31,0
10,48,46,50,724,38.70238423101847,1.6501162726866285,74,0
14,48,89,46,234,19.086265607136184,0.7118481121212952,40,0
11,97,108,81,12,56.965871753710545,0.2682398047172274,25,1
8,90,25,57,100,21.576344818783927,2.402626565032342,39,0
9,52,114,74,535,41.39107052577303,0.44382393157346356,42,0
11,142,96,56,522,45.61716862251465,2.3928819678624724,79,1
16,63,88,22,784,48.9300537284533,2.3667896020706194,80,0
5,165,98,47,451,51.874086673155105,1.937121999352629,39,0
6,104,90,21,430,30.585019554260764,1.6223685771960386,67,0
13,166,75,16,792,18.687962178598173,1.4312241116880404,36,0
12,125,85,68,605,53.576395089155184,2.1064098192748886,44,0
7,105,46,10,712,44.39360770809659,0.7558673596328407,61,0
9,188,49,93,532,59.08615568683446,1.173309399639582,24,1
8,46,91,14,722,58.365890945843944,1.5286113082563477,35,0
1,56,105,90,651,59.438649604827475,1.0410080944863482,45,0
4,163,78,34,292,41.92112887299951,1.0791732754794077,64,1
4,168,29,32,809,34.51442855642273,0.8515266912898817,75,1
5,132,58,83,100,56.90719610671799,1.3994309146751835,55,1
7,116,45,15,501,40.26828212713056,2.0700455446114017,75,1
15,111,66,33,303,27.170323404127945,0.5499794612907847,34,0
12,185,38,65,539,60.00822955655609,2.2664421767605596,69,1
0,144,109,98,552,61.35717797416777,1.691843285078354,39,0
16,141,83,39,354,41.00254707525431,2.0061058640966305,58,1
6,54,35,27,302,21.901716665448607,1.3805986021394874,56,0
12,148,72,46,495,37.164695796937934,1.9036281147351568,27,1
3,110,65,38,657,57.4929915477213,0.1159413305690322,50,1
3,166,61,69,767,62.296749995910574,1.9946469548336716,39,1
5,72,105,72,226,28.14981710813243,0.1720052079779284,69,1
11,180,68,19,235,21.475009628035778,2.162177127441824,45,0
6,196,58,0,454,61.1024371581958,2.4011767540329028,36,1
9,119,53,71,12,37.241901516067,0.7667059964180136,67,1
6,52,111,86,209,44.692111152683836,0.5705660588213287,74,0
2,83,53,62,740,65.5384182092821,1.8704809981555315,60,0
12,68,101,66,396,21.455015195005497,0.670587690435233,71,0
12,48,29,3,99,49.90275056440747,2.1051471013893006,28,1
7,182,90,57,30,21.823755163911,0.31885735083281047,38,0
8,167,103,24,527,36.56043060201186,0.37298706992045705,48,1
6,81,30,46,648,57.506531259959544,2.3711729420456416,36,0
0,115,75,37,328,39.39679218175051,1.656130699748351,72,1
2,176,37,14,165,66.96221710585426,2.0614098796126075,39,1
12,133,96,62,458,45.53799903388884,0.8375794017572552,62,1
16,189,38,20,821,33.90482926389812,1.6623249413772556,37,1
0,80,44,98,99,28.963443836742428,1.4697143595567348,65,1
5,103,58,56,620,35.34045412659331,1.490577581327942,33,0
5,71,89,52,172,36.416877086842035,1.676491020237344,27,0
11,124,114,45,748,21.56009884070169,1.425491183468349,47,1
12,157,25,13,161,36.2721783519692,1.0828640689068438,30,0
12,83,58,75,727,40.9012636152481,0.7242109502392406,54,0
14,88,105,16,775,53.541876084477536,1.8780174769987192,56,1
15,105,101,38,262,50.31407180288663,0.607930031067462,45,0
10,136,43,8,803,52.858640540705636,1.6994937850136382,26,1
4,158,105,98,273,18.60898404377831,0.624465470644723,44,0
3,110,33,76,2,28.84393583948821,1.5425232580333312,38,0
2,99,48,78,27,50.55636170275298,1.827657301616186,43,1
14,83,89,81,325,41.86708010398963,0.5902279278191148,26,0
8,141,48,96,148,18.459828960182115,0.21838721061718397,49,0
16,83,77,5,539,57.5397880149161,0.3847405060923557,45,1
13,134,56,90,487,55.9903881338975,1.4972448973487418,75,1
14,76,59,22,821,45.01769707038521,2.0674034833806725,37,0
0,49,118,58,437,21.450056630459706,0.18338255533336387,66,0
2,190,37,90,64,55.68258592214339,1.7973822486755355,44,1
15,123,88,97,355,46.74359444006369,0.8773682688150221,31,0
10,135,103,45,532,56.4378428830242,1.1987134423515218,46,1
11,140,77,37,251,54.96042792815659,2.2533890657383147,71,1
9,102,75,13,234,57.466801318738234,0.85547726409135,54,0
15,102,26,71,226,43.53059444718615,1.1678190992862765,48,0
7,91,64,61,524,25.06186893966288,0.11004421536951514,23,0
5,56,29,34,312,51.01960044826677,0.26910420225133147,31,1
11,150,48,18,48,48.541168089041356,0.6836215064376642,58,1
7,88,36,29,117,54.49618085403536,0.14322994800295624,34,0
3,132,121,77,53,26.507181195880953,1.556681013605004,71,0
7,143,31,83,649,27.73428727512414,1.0766249516294,46,0
4,198,44,24,564,61.74102539202515,1.3617560647890277,68,1
8,50,121,39,43,54.87391434430626,0.4870237093692038,41,0
3,176,91,87,814,62.61237309744578,0.771072812940555,74,0
16,88,48,13,52,55.30117920491571,1.6326769201050824,76,0
8,101,102,25,585,47.400894462925756,2.3387389787423962,59,0
0,74,91,86,557,50.18709084066302,0.19607608377637395,50,0
12,66,68,21,524,61.67835548066648,2.163280079443033,79,1
15,181,83,47,676,46.50365029563389,1.4290557734708502,28,1
12,150,35,82,101,49.12393575965814,1.3986996253416708,71,0
13,82,55,50,791,25.851711412576066,1.249652329456575,40,1
2,125,119,2,769,41.37474766367742,0.24052094918759748,68,0
5,143,115,41,397,53.231818774751034,0.28849158676608827,52,1
4,45,36,18,137,31.449097947670268,1.4853359172535798,42,0
14,120,54,72,674,28.090229427649753,0.8765249743020775,79,1
1,55,101,27,386,33.546130922173916,2.226241811924928,27,0
9,82,43,83,110,30.009380708849555,1.030235038495884,29,0
12,56,41,44,613,28.709227951079754,0.41356517628158546,65,0
4,89,116,70,16,38.97520621624945,1.7518715080617684,21,0
0,198,83,77,779,62.59330332890481,0.765033713014845,49,1
0,156,86,62,181,42.99521672552332,1.3086514598275019,28,0
14,60,29,72,535,27.389306621869295,1.7123243836531084,76,0
16,147,55,18,540,21.96391463272474,2.186418548435249,74,0
10,141,116,46,170,52.242035497244544,1.9333117782255256,24,1
16,131,66,13,408,36.91885958093936,1.66203762095792,55,1
12,152,25,37,739,58.38753328802406,1.6697009131694265,79,0
0,113,83,52,377,50.450076586533655,2.2933555163231465,23,0
1,117,46,60,187,57.13620693147291,0.7708200363368874,74,0
8,106,106,35,229,31.49816132756214,0.0806045246074709,65,0
2,199,54,39,832,52.05635130834574,0.7149175781105813,60,1
0,103,28,80,118,31.112631051522847,0.5883016110858343,27,0
15,122,106,29,155,64.12044864511925,1.6280165983369839,47,0
5,80,57,8,783,49.318702366982,1.562152566650869,21,0
16,65,33,63,686,34.06862702857423,1.4678865582944634,47,1
4,191,112,32,464,31.37913006609213,0.11604214399654056,36,1
4,139,25,51,103,27.536310010003366,1.7847982035234164,58,0
5,111,34,88,603,52.16794288990329,0.8357082260410211,27,0
2,60,73,13,697,28.895193475598642,1.6355611262535301,64,1
4,55,54,74,794,47.31032970385421,1.3815066795520432,43,0
4,193,79,52,501,31.140652816649972,0.8806758273521585,61,1
9,188,102,98,692,50.57028140042017,0.3931776175578204,79,0
9,181,96,58,681,58.05055272563236,0.2991290583208464,31,1
16,161,110,77,698,56.245434389773536,2.0254159361488275,62,1
13,65,106,93,174,55.405630082515216,2.2288870435550088,73,1
8,163,32,40,733,27.379625638351122,1.5998036055219897,53,0
13,93,44,67,744,22.522023907542962,0.3202426970032521,70,0
0,57,96,67,673,52.378597713033145,1.0195477419522598,56,0
12,72,51,91,420,36.21217875454377,1.7851756066462783,57,0
12,168,85,7,133,39.34173047112368,1.9043405103515796,61,1
3,50,30,1,390,19.723190637596822,0.3548680134057295,79,0
0,72,103,85,735,30.8932883695499,0.07807194353588562,37,0
16,182,39,40,500,19.84677614946129,1.745824961452377,55,0
7,76,120,54,664,61.192184280201005,0.9131482441596935,68,0
1,177,27,15,32,30.102097809386137,0.6739952786499654,25,1
7,154,27,92,54,45.45378759212009,0.10820587424706858,68,1
6,122,63,61,518,20.106088780329276,1.3433812106354324,52,0
1,101,40,47,755,50.80883743484668,2.0713950223676494,23,1
2,69,75,29,824,33.99603720737519,2.320773315570401,72,1
11,72,116,11,637,62.10824824222985,1.4029746743363234,67,0
0,47,75,34,11,61.62897943887434,1.2828684295668322,55,0
11,142,59,10,527,34.10671123788946,0.2772020548158027,72,1
4,184,61,63,719,62.25698779926387,1.3634601012127687,34,1
16,82,73,49,554,66.91211023409028,0.9679110029369542,68,1
15,58,86,84,372,58.562825975661056,1.4999108278293374,51,0
14,162,86,20,483,59.51420890523069,0.9883971067268723,51,1
14,72,85,68,646,30.376527195734496,0.6407805471207589,37,0
4,118,30,47,227,46.400747304144275,0.30040867458485776,80,1
13,159,50,19,622,21.488814193004288,0.8155389972271938,44,0
1,75,115,66,306,22.84148711057965,0.30434220190191585,72,0
10,173,109,43,456,67.0458487284279,0.4922926588297704,43,1
6,127,37,32,159,34.17265929692704,2.3903412833932967,38,1
5,65,94,72,330,54.78619329918858,1.118090530275301,70,1
1,70,109,60,775,57.64592109301131,1.3236436771547488,74,0
5,124,28,8,224,60.1573379522535,2.124014594302558,34,0
1,169,78,67,728,66.98402374296545,2.4096223649491906,70,1
14,135,25,34,503,30.009178129060835,1.4427172403652442,35,1
1,64,85,80,455,20.173155433439316,1.9808136888854502,35,0
5,90,114,97,44,38.307265229935254,0.8436958789964935,26,1
0,144,44,87,213,24.560944754635504,0.7940523483415558,47,1
14,127,102,95,58,19.296625980024494,1.02113211456926,35,1
9,49,44,64,643,35.82487184721867,1.6530120091816864,70,0
16,190,33,7,615,56.52480047757905,1.6756929362354414,56,1
4,174,110,44,194,45.886235800905965,0.8162907559490138,75,1
3,44,81,86,488,33.49484367238631,0.38997764232798443,28,0
9,101,62,46,156,50.197324068593986,1.5590720326422212,35,0
16,167,28,39,609,29.54568901710084,0.37853916924608655,23,1
9,58,88,75,225,18.903252712924957,1.432829454273091,67,1
16,107,36,53,411,55.57688059674129,1.7019946239078758,33,0
4,68,108,75,204,48.70103684985004,1.7188321245558058,61,1
1,67,113,45,78,55.476598338096935,1.8426316831647758,54,0
5,55,108,46,123,20.10406901602685,2.1222367653067864,44,0
1,61,76,14,470,59.13514980091888,1.2489039591815345,60,0
12,58,105,18,217,48.494831181775226,1.788243601878256,52,0
10,70,68,25,515,45.750032649848094,1.5281025462267896,52,0
10,115,55,51,601,48.74362695280059,0.5151107390061725,50,1
15,103,59,92,103,60.47078577186299,0.13816514828415394,72,0
10,188,104,21,392,46.901195170730546,0.7443959252553789,69,1
14,136,83,20,630,46.60847357653196,1.1155849402427047,33,0
15,96,34,50,644,66.64421078051593,1.5232621218519131,21,0
10,51,86,37,823,55.20410516965296,2.068604752038507,54,1
15,122,44,19,607,39.82816708656051,0.53760746852584,35,0
7,70,75,28,433,52.79171330161016,0.3720376079422334,64,0
3,93,78,50,330,37.23337006572845,2.334470036984875,34,0
7,174,49,3,142,29.3920101154431,0.33104035805954546,77,1
3,136,91,54,799,47.386056779811426,1.1986260861910372,49,1
2,67,57,70,539,63.588104597772215,1.449390252833913,54,0
2,103,75,91,277,63.63492252875612,1.3458988937652205,38,0
4,165,105,27,232,34.91916809935847,0.279487311771153,74,1
9,174,116,3,528,44.003428098240875,0.21155703259647657,27,1
5,191,75,21,570,28.54899544006621,0.32504218711374555,49,0
0,89,52,75,89,66.8863612544954,1.4494463556296586,75,0
4,58,61,44,491,66.17666569474204,1.3528557268395802,51,0
8,196,65,66,198,49.96098666269417,0.625420934950055,45,1
11,60,44,85,361,57.53584751822844,1.5716670402023756,58,0
13,169,65,65,440,53.16839788677292,1.998598089814331,34,1
1,127,36,87,25,47.20543691102999,0.1753779239607226,28,1
16,52,87,33,24,20.808717052757096,1.2446203277895154,47,0
13,106,40,90,393,40.437976350825124,1.6923649851445008,74,0
12,160,32,54,506,51.19705017598636,0.6689145331972072,22,1
8,173,64,0,300,51.331295918912176,0.7987994601965551,37,1
14,131,24,71,338,36.44569604085456,1.515139968801137,57,1
14,115,25,86,266,64.24873814757768,2.180964457245232,34,0
10,182,83,37,460,26.38375887637859,1.9748429923493904,45,0
15,107,71,5,692,42.66757691994091,1.4436909731312246,76,1
16,115,52,85,455,51.984226453335225,1.7881792629874778,50,0
3,64,120,24,359,52.28994090810947,0.9324142252266645,49,0
0,61,33,81,67,49.91844498599507,1.5791412668072908,40,0
7,107,81,16,411,31.66159363779596,1.1697972864207384,41,1
16,125,83,60,490,25.838501208775813,0.5228304315836076,73,0
2,153,44,11,832,49.29748198182615,1.7214710374205364,42,1
14,138,51,5,48,47.5058734792185,1.3812401806709413,55,1
14,75,98,89,686,26.97050890314388,0.917891744935311,57,1
13,54,57,26,563,52.68130421840054,2.212356383164153,36,0
13,88,31,7,101,40.4579103957758,0.12702770395020932,70,0
1,76,82,82,215,50.85349292939418,0.8175407202263196,78,1
12,145,109,64,437,59.147250200760354,0.21121623359524827,69,0
13,179,95,56,699,26.499720157411538,1.873206974591051,63,0
6,54,72,92,568,19.13618404504531,1.7223356575345024,37,0
2,131,102,98,558,56.29811647475397,0.8540268962804545,36,0
14,84,40,39,158,48.01420408996292,1.6604025169689651,78,0
13,188,83,13,488,52.41237495452174,1.0052849837509146,75,0
10,119,110,34,685,59.18577827694462,1.8491463795113412,22,0
14,164,111,47,241,57.457454712918064,1.1416981381293658,24,1
12,89,68,83,793,65.18899518481952,1.0435591225817609,41,0
5,123,106,55,752,44.407225355868576,2.2671374620736007,59,0
2,97,92,48,4,42.08743643706937,0.6655588519440199,54,1
14,129,55,12,595,37.852284074656694,0.36008767027195626,50,1
4,135,67,60,819,25.7154919950816,1.4469999712536512,26,0
9,191,88,48,360,46.20049368793089,2.348151684369547,37,1
6,140,110,45,458,31.745912439540362,0.9628994385490711,59,1
16,45,31,61,247,63.25193734721449,0.2232901004186063,45,0
6,76,100,7,565,46.71803032915007,0.872652936039007,25,1
11,120,95,42,672,47.18988482684658,1.262891934416406,25,0
16,159,110,19,421,35.55581591688579,0.45722368153264453,40,1
12,197,66,96,737,20.742279311709893,1.6192753946883045,36,0
3,193,24,89,14,19.75227012673914,2.41472906906189,71,0
9,146,74,38,735,38.901088549091355,1.1359738527485415,61,1
2,146,47,84,572,22.33524698895493,0.908774279862158,57,1
8,133,47,48,121,47.8748161259128,1.016449158726321,60,1
12,165,40,63,276,61.27957997577924,0.3476723498015611,29,1
14,186,28,61,557,61.374534527765505,2.146626774540216,25,1
3,149,43,53,452,50.42732055546615,1.0495216852310063,62,0
14,162,44,8,389,28.529236559026323,0.9849966715569783,77,0
1,92,81,87,293,60.40054505344884,1.622994619203171,22,0
14,147,54,36,573,61.529968986815874,1.1132422718206914,29,1
7,104,34,48,597,27.816360304199677,1.5961627839479755,63,0
7,166,75,40,445,54.26013559418611,0.22190721148630432,56,0
16,177,38,16,209,32.21080594253631,1.9837400709974569,42,1
11,52,106,87,589,57.449111274058254,2.280660257643561,42,0
9,49,30,20,713,66.96493330528617,1.597408534385282,42,0
8,116,51,50,301,19.668271660607306,2.313593405387335,54,1
4,146,74,58,222,62.081190837176564,0.4326544802544541,75,1
5,84,81,38,733,48.64663309297437,1.1961087157629884,49,0
1,157,28,54,2,65.79841007715974,1.4874313709002376,58,1
12,51,28,40,517,40.9389654070423,1.4404272282604194,79,0
5,115,117,38,92,59.637269804940175,1.0182234866265394,66,0
4,135,119,12,519,21.251069954455755,0.8697936867357842,53,0
0,105,31,63,427,34.595145548828654,0.37502186081308087,38,0
5,127,87,10,492,21.477108696034165,0.9954608192168555,27,0
5,105,33,18,234,65.89427922712655,0.4589516289770462,21,0
15,154,61,10,619,58.1500240655928,1.7978844143447756,53,1
3,170,119,76,160,59.88956889892795,0.5670820509283298,21,1
10,50,115,45,720,64.06649981711742,0.2151599449763783,44,0
8,127,104,44,751,22.3615604712575,1.371641494767963,24,0
2,175,118,0,330,37.055722273902,1.4720280340288387,24,1
7,177,31,39,332,21.6736060742517,2.120020389518944,38,1
4,101,48,18,49,28.507782665796398,1.429290936282211,47,0
3,65,96,75,522,29.41598649714218,0.8871161594203099,63,0
5,197,89,71,667,41.13934262022659,1.9586538265346427,79,1
1,170,102,71,491,31.332689988483118,1.3433331678449403,52,1
10,46,73,60,581,23.137829423388517,0.26367442660625107,53,0
3,170,90,11,680,26.390314256701863,1.4032220122536239,48,0
14,84,72,60,271,25.401775057697243,2.2045794333775333,62,0
5,149,59,32,579,65.78345541791138,1.0061641689168326,61,0
16,57,91,44,251,55.329403588313355,0.7719950280493317,75,0
5,55,101,89,559,65.52353565168157,0.414005468336203,56,0
1,130,64,91,695,39.70330979023672,0.4326854123726069,80,1
14,55,112,68,831,31.812218753303902,1.09155081632854,26,0
10,184,85,7,698,57.23653734352922,1.4730821481863023,36,1
7,68,33,24,89,34.153816592212074,0.2668012789072073,54,0
12,88,44,90,445,32.83984697419153,2.278469635496938,43,0
11,165,59,45,331,29.569543018962943,1.846522932056649,70,1
4,190,35,86,138,24.541302035165106,1.451873216620338,62,1
5,98,114,29,356,30.74104368371985,2.0182033673391166,44,0
3,143,25,46,600,35.5751357003731,0.26579738445396933,76,1
0,179,36,86,273,51.15831677832621,1.1947566516509773,69,1
16,162,76,48,18,21.25942078453118,1.5536781031100158,33,0
11,96,55,46,310,28.493789349635268,2.0187051061290333,76,0
14,75,118,83,153,57.76125601026297,1.912885709635385,38,0
0,94,39,81,389,25.384482063246388,0.7268961828287819,74,0
13,87,55,17,259,34.955347664951304,2.281541357107656,33,0
5,125,55,65,619,60.48182127886304,0.3692179606310984,69,0
4,189,121,67,796,25.77584771491434,2.1275629348107383,57,0
10,193,34,93,570,22.245831261729485,2.3519420645740166,63,0
3,80,33,32,124,41.89390795941252,0.4928935513873891,59,1
12,139,38,35,353,32.98831410152043,1.7690787223652653,62,1
10,99,40,81,272,45.75066902326046,0.1723486849780724,37,0
2,148,63,18,618,57.506059144641924,1.027500256475901,35,1
0,102,41,27,810,24.906561070669138,1.2871354867209526,38,0
5,174,78,39,244,46.596185234704535,1.437871119080363,43,0
9,199,96,83,449,42.91937838306434,2.269965035398126,74,1
4,78,48,96,246,25.245452636045457,1.652411109643004,71,0
9,136,82,75,519,48.713525942367234,1.205152961755453,50,1
11,140,101,14,140,31.58101643339173,1.9742589349347128,78,1
1,178,112,40,361,42.055098176802204,2.3041478666752258,54,1
12,119,45,38,7,22.223116657148324,0.12967892021392516,78,0
7,92,53,1,477,40.67366039774616,2.3790648196236424,24,0
1,137,107,62,351,33.18606358729391,0.27972146968713935,23,1
0,67,108,28,494,58.41444122696382,1.9852938370474391,27,0
4,191,67,73,605,20.986259750171307,0.7345439904754081,76,0
8,80,55,65,832,38.66989574350633,0.38756475845956767,38,0
16,47,74,50,426,40.61729664002731,1.1081419082098014,62,1
8,151,69,74,38,53.6527971310269,1.586146309066311,27,1
10,169,44,76,592,46.28266242191131,0.9701892210449785,60,1
14,63,55,9,186,50.82668328879545,0.20579218619808098,26,1
5,195,117,13,595,56.19771006837087,1.4819379890807145,42,1
2,93,62,81,599,60.361725411885416,2.1914284726512,78,1
16,139,35,50,753,33.548511789728806,0.9754903870484635,21,0
4,148,70,72,92,44.50931029229485,0.5846513652113969,24,0
11,160,41,38,85,59.28128503567686,1.1145161441746538,66,1
13,141,44,27,43,66.58416030419124,0.1912654692762448,69,1
10,109,36,2,136,61.697494310040014,1.9995819228528038,72,0
8,122,44,83,420,36.364749142332016,2.0132901792453373,70,0
1,49,31,69,73,27.743642691992,1.4550970853521898,63,0
11,82,69,26,547,42.13129507918218,0.9049669658937082,49,0
2,158,30,1,612,54.46626699478246,1.9510926395320247,41,1
2,168,46,92,511,42.28662755983625,1.377077012054356,46,1
0,55,119,37,155,41.82754421603838,2.012333466624138,34,1
7,174,98,2,254,59.18946759090004,1.5568764922294345,29,1
7,61,109,15,170,35.87264479638541,1.9150776182643714,79,0
10,83,45,93,727,60.243959598289464,1.4798345301159939,67,0
8,64,112,39,169,38.09275476653928,1.0479183817610902,32,0
4,186,45,1,763,34.25059886767079,2.321509203947014,62,1
13,142,115,80,321,40.400106657665276,1.3452885778662544,71,1
2,69,52,40,566,55.48365627920106,1.495119652421941,76,0
4,51,36,11,455,24.36149916254932,0.5943820515093428,71,1
4,143,105,34,602,27.80489965614165,1.5432741488386816,26,0
13,130,25,64,789,64.72565197492519,1.4167051150890546,40,0
3,85,52,54,612,26.781540578948373,0.5108915279919324,44,0
12,57,108,44,154,45.96186584682856,0.2175529820010626,47,1
9,121,102,78,348,46.528477419768755,1.493409526771994,58,1
7,45,75,89,450,42.142636194256966,1.8665672948184509,28,0
7,162,50,84,652,49.728042655406426,1.3038060106993434,21,1
6,80,73,61,172,29.43852689150354,0.6091014884986102,74,0
7,112,118,48,9,45.22518489428298,1.638994469415088,69,0
13,84,102,94,739,36.39927218157327,0.26560761171968844,69,0
5,105,46,24,264,50.555528995867334,1.1127745366461779,44,0
0,103,111,22,437,25.105831270947007,0.4606049481691001,67,0
14,168,67,23,759,46.11590568345038,0.5100030975822468,27,1
0,154,100,37,246,27.259720378244527,0.551772428928513,39,0
